{
	"info": {
		"_postman_id": "232ea587-7211-4fec-b1b6-cb8442c1316d",
		"name": "Homework #2 (base) Sharapova Lidiya",
		"schema": "https://schema.getpostman.com/json/collection/v2.1.0/collection.json",
		"_exporter_id": "25508969"
	},
	"item": [
		{
			"name": "Find pet by ID",
			"event": [
				{
					"listen": "test",
					"script": {
						"exec": [
							"pm.test(\"Status code is 404\", function () {\r",
							"    pm.response.to.have.status(404);\r",
							"});\r",
							"pm.test(\"Check message: Pet not found\", function () {\r",
							"    pm.response.to.have.jsonBody(\"message\", \"Pet not found\");\r",
							"});"
						],
						"type": "text/javascript"
					}
				}
			],
			"request": {
				"auth": {
					"type": "apikey",
					"apikey": [
						{
							"key": "key",
							"value": "api_key",
							"type": "string"
						},
						{
							"key": "value",
							"value": "{{apiKey}}",
							"type": "string"
						},
						{
							"key": "in",
							"value": "header",
							"type": "string"
						}
					]
				},
				"method": "GET",
				"header": [
					{
						"key": "Accept",
						"value": "application/json"
					}
				],
				"url": {
					"raw": "{{baseUrl}}/pet/:petId?petId=198335",
					"host": [
						"{{baseUrl}}"
					],
					"path": [
						"pet",
						":petId"
					],
					"query": [
						{
							"key": "petId",
							"value": "198335"
						}
					],
					"variable": [
						{
							"key": "petId",
							"value": "198335",
							"description": "(Required) ID of pet to return"
						}
					]
				},
				"description": "Returns a single pet"
			},
			"response": [
				{
					"name": "successful operation",
					"originalRequest": {
						"method": "GET",
						"header": [
							{
								"description": "Added as a part of security scheme: apikey",
								"key": "api_key",
								"value": "<API Key>"
							}
						],
						"url": {
							"raw": "{{baseUrl}}/pet/:petId",
							"host": [
								"{{baseUrl}}"
							],
							"path": [
								"pet",
								":petId"
							],
							"variable": [
								{
									"key": "petId",
									"value": "-36271503",
									"description": "(Required) ID of pet to return"
								}
							]
						}
					},
					"status": "OK",
					"code": 200,
					"_postman_previewlanguage": "json",
					"header": [
						{
							"key": "Content-Type",
							"value": "application/json"
						}
					],
					"cookie": [],
					"body": "{\n  \"name\": \"doggie\",\n  \"photoUrls\": [\n    \"dolore labore culpa anim\",\n    \"consequat laboris enim ut\"\n  ],\n  \"id\": -29979598,\n  \"category\": {\n    \"id\": 56952471,\n    \"name\": \"ut in dolor adipisicing elit\"\n  },\n  \"tags\": [\n    {\n      \"id\": 60789354,\n      \"name\": \"ut qui nulla eiusmod\"\n    },\n    {\n      \"id\": 95875680,\n      \"name\": \"nostrud sint consequat sunt\"\n    }\n  ],\n  \"status\": \"sold\"\n}"
				},
				{
					"name": "Invalid ID supplied",
					"originalRequest": {
						"method": "GET",
						"header": [
							{
								"description": "Added as a part of security scheme: apikey",
								"key": "api_key",
								"value": "<API Key>"
							}
						],
						"url": {
							"raw": "{{baseUrl}}/pet/:petId",
							"host": [
								"{{baseUrl}}"
							],
							"path": [
								"pet",
								":petId"
							],
							"variable": [
								{
									"key": "petId",
									"value": "-36271503",
									"description": "(Required) ID of pet to return"
								}
							]
						}
					},
					"status": "Bad Request",
					"code": 400,
					"_postman_previewlanguage": "text",
					"header": [
						{
							"key": "Content-Type",
							"value": "text/plain"
						}
					],
					"cookie": [],
					"body": ""
				},
				{
					"name": "Pet not found",
					"originalRequest": {
						"method": "GET",
						"header": [
							{
								"description": "Added as a part of security scheme: apikey",
								"key": "api_key",
								"value": "<API Key>"
							}
						],
						"url": {
							"raw": "{{baseUrl}}/pet/:petId",
							"host": [
								"{{baseUrl}}"
							],
							"path": [
								"pet",
								":petId"
							],
							"variable": [
								{
									"key": "petId",
									"value": "-36271503",
									"description": "(Required) ID of pet to return"
								}
							]
						}
					},
					"status": "Not Found",
					"code": 404,
					"_postman_previewlanguage": "text",
					"header": [
						{
							"key": "Content-Type",
							"value": "text/plain"
						}
					],
					"cookie": [],
					"body": ""
				}
			]
		},
		{
			"name": "Create a new pet",
			"event": [
				{
					"listen": "test",
					"script": {
						"exec": [
							"pm.test(\"Status code is 200\", function () {\r",
							"    pm.response.to.have.status(200);\r",
							"});\r",
							""
						],
						"type": "text/javascript"
					}
				}
			],
			"request": {
				"auth": {
					"type": "oauth2",
					"oauth2": [
						{
							"key": "scope",
							"value": "write:pets read:pets",
							"type": "string"
						},
						{
							"key": "authUrl",
							"value": "http://petstore.swagger.io/oauth/dialog",
							"type": "string"
						},
						{
							"key": "grant_type",
							"value": "implicit",
							"type": "string"
						}
					]
				},
				"method": "POST",
				"header": [
					{
						"key": "Content-Type",
						"value": "application/json"
					}
				],
				"body": {
					"mode": "raw",
					"raw": "{\n  \"id\": 198335,\n  \"category\": {\n    \"id\": 1260,\n    \"name\": \"Capybaras\"\n  },\n  \"name\": \"Gogol\",\n  \"photoUrls\": [\n    \"https://www.meme-arsenal.com/memes/60257b01ac3fa5bc093146b58a7749a2.jpg\"\n  ],\n  \"tags\": [\n    {\n      \"id\": 2,\n      \"name\": \"lovely\"\n    }\n  ],\n  \"status\": \"available\"\n}",
					"options": {
						"raw": {
							"language": "json"
						}
					}
				},
				"url": {
					"raw": "{{baseUrl}}/pet",
					"host": [
						"{{baseUrl}}"
					],
					"path": [
						"pet"
					]
				}
			},
			"response": [
				{
					"name": "Invalid input",
					"originalRequest": {
						"method": "POST",
						"header": [
							{
								"description": "Added as a part of security scheme: oauth2",
								"key": "Authorization",
								"value": "<token>"
							}
						],
						"url": {
							"raw": "{{baseUrl}}/pet",
							"host": [
								"{{baseUrl}}"
							],
							"path": [
								"pet"
							]
						}
					},
					"status": "Method Not Allowed",
					"code": 405,
					"_postman_previewlanguage": "text",
					"header": [
						{
							"key": "Content-Type",
							"value": "text/plain"
						}
					],
					"cookie": [],
					"body": ""
				}
			]
		},
		{
			"name": "Check created pet by ID",
			"event": [
				{
					"listen": "test",
					"script": {
						"exec": [
							"pm.test(\"Status code is 200\", function () {\r",
							"    pm.response.to.have.status(200);\r",
							"});\r",
							"pm.test(\"Check Pet id\", function () {\r",
							" pm.response.to.have.jsonBody(\"id\", 198335);\r",
							"});\r",
							"pm.test(\"Check category.id \", function () {\r",
							" pm.response.to.have.jsonBody(\"category.id\", 1260);\r",
							"});\r",
							"pm.test(\"Check category.name \", function () {\r",
							"  pm.response.to.have.jsonBody(\"category.name\", \"Capybaras\");\r",
							"});\r",
							"pm.test(\"Check Pet name\", function () {\r",
							" pm.response.to.have.jsonBody(\"name\", \"Gogol\");\r",
							"});\r",
							"pm.test(\"Check tags.id \", function () {\r",
							"    var jsonData = pm.response.json();\r",
							"pm.expect(jsonData.tags[0].id).to.eql(2);\r",
							"});\r",
							"pm.test(\"Check tags.name \", function () {\r",
							"    var jsonData = pm.response.json();\r",
							"pm.expect(jsonData.tags[0].name).to.eql(\"lovely\");\r",
							"});\r",
							"pm.test(\"Check Pet status\", function () {\r",
							"pm.response.to.have.jsonBody(\"status\", \"available\");\r",
							"});"
						],
						"type": "text/javascript"
					}
				}
			],
			"request": {
				"auth": {
					"type": "apikey",
					"apikey": [
						{
							"key": "key",
							"value": "api_key",
							"type": "string"
						},
						{
							"key": "value",
							"value": "{{apiKey}}",
							"type": "string"
						},
						{
							"key": "in",
							"value": "header",
							"type": "string"
						}
					]
				},
				"method": "GET",
				"header": [
					{
						"key": "Accept",
						"value": "application/json"
					}
				],
				"url": {
					"raw": "{{baseUrl}}/pet/:petId?petId=198335",
					"host": [
						"{{baseUrl}}"
					],
					"path": [
						"pet",
						":petId"
					],
					"query": [
						{
							"key": "petId",
							"value": "198335"
						}
					],
					"variable": [
						{
							"key": "petId",
							"value": "198335",
							"description": "(Required) ID of pet to return"
						}
					]
				},
				"description": "Returns a single pet"
			},
			"response": [
				{
					"name": "successful operation",
					"originalRequest": {
						"method": "GET",
						"header": [
							{
								"description": "Added as a part of security scheme: apikey",
								"key": "api_key",
								"value": "<API Key>"
							}
						],
						"url": {
							"raw": "{{baseUrl}}/pet/:petId",
							"host": [
								"{{baseUrl}}"
							],
							"path": [
								"pet",
								":petId"
							],
							"variable": [
								{
									"key": "petId",
									"value": "-36271503",
									"description": "(Required) ID of pet to return"
								}
							]
						}
					},
					"status": "OK",
					"code": 200,
					"_postman_previewlanguage": "json",
					"header": [
						{
							"key": "Content-Type",
							"value": "application/json"
						}
					],
					"cookie": [],
					"body": "{\n  \"name\": \"doggie\",\n  \"photoUrls\": [\n    \"dolore labore culpa anim\",\n    \"consequat laboris enim ut\"\n  ],\n  \"id\": -29979598,\n  \"category\": {\n    \"id\": 56952471,\n    \"name\": \"ut in dolor adipisicing elit\"\n  },\n  \"tags\": [\n    {\n      \"id\": 60789354,\n      \"name\": \"ut qui nulla eiusmod\"\n    },\n    {\n      \"id\": 95875680,\n      \"name\": \"nostrud sint consequat sunt\"\n    }\n  ],\n  \"status\": \"sold\"\n}"
				},
				{
					"name": "Invalid ID supplied",
					"originalRequest": {
						"method": "GET",
						"header": [
							{
								"description": "Added as a part of security scheme: apikey",
								"key": "api_key",
								"value": "<API Key>"
							}
						],
						"url": {
							"raw": "{{baseUrl}}/pet/:petId",
							"host": [
								"{{baseUrl}}"
							],
							"path": [
								"pet",
								":petId"
							],
							"variable": [
								{
									"key": "petId",
									"value": "-36271503",
									"description": "(Required) ID of pet to return"
								}
							]
						}
					},
					"status": "Bad Request",
					"code": 400,
					"_postman_previewlanguage": "text",
					"header": [
						{
							"key": "Content-Type",
							"value": "text/plain"
						}
					],
					"cookie": [],
					"body": ""
				},
				{
					"name": "Pet not found",
					"originalRequest": {
						"method": "GET",
						"header": [
							{
								"description": "Added as a part of security scheme: apikey",
								"key": "api_key",
								"value": "<API Key>"
							}
						],
						"url": {
							"raw": "{{baseUrl}}/pet/:petId",
							"host": [
								"{{baseUrl}}"
							],
							"path": [
								"pet",
								":petId"
							],
							"variable": [
								{
									"key": "petId",
									"value": "-36271503",
									"description": "(Required) ID of pet to return"
								}
							]
						}
					},
					"status": "Not Found",
					"code": 404,
					"_postman_previewlanguage": "text",
					"header": [
						{
							"key": "Content-Type",
							"value": "text/plain"
						}
					],
					"cookie": [],
					"body": ""
				}
			]
		},
		{
			"name": "Find created pet in the available status list",
			"event": [
				{
					"listen": "test",
					"script": {
						"exec": [
							"pm.test(\"Status code is 200\", function () {\r",
							"    pm.response.to.have.status(200);\r",
							"});\r",
							"pm.test(\"Confirm created pet in the available status list2\", function () {\r",
							"   pm.expect(pm.response.text()).to.include(\"198335\");\r",
							"});\r",
							""
						],
						"type": "text/javascript"
					}
				}
			],
			"request": {
				"auth": {
					"type": "oauth2",
					"oauth2": [
						{
							"key": "scope",
							"value": "write:pets read:pets",
							"type": "string"
						},
						{
							"key": "authUrl",
							"value": "http://petstore.swagger.io/oauth/dialog",
							"type": "string"
						},
						{
							"key": "grant_type",
							"value": "implicit",
							"type": "string"
						}
					]
				},
				"method": "GET",
				"header": [
					{
						"key": "Accept",
						"value": "application/json"
					}
				],
				"url": {
					"raw": "{{baseUrl}}/pet/findByStatus?status=available",
					"host": [
						"{{baseUrl}}"
					],
					"path": [
						"pet",
						"findByStatus"
					],
					"query": [
						{
							"key": "status",
							"value": "available",
							"description": "(Required) Status values that need to be considered for filter"
						},
						{
							"key": "status",
							"value": "available",
							"description": "(Required) Status values that need to be considered for filter",
							"disabled": true
						}
					]
				},
				"description": "Multiple status values can be provided with comma separated strings"
			},
			"response": [
				{
					"name": "successful operation",
					"originalRequest": {
						"method": "GET",
						"header": [
							{
								"description": "Added as a part of security scheme: oauth2",
								"key": "Authorization",
								"value": "<token>"
							}
						],
						"url": {
							"raw": "{{baseUrl}}/pet/findByStatus?status=available&status=available",
							"host": [
								"{{baseUrl}}"
							],
							"path": [
								"pet",
								"findByStatus"
							],
							"query": [
								{
									"key": "status",
									"value": "available"
								},
								{
									"key": "status",
									"value": "available"
								}
							]
						}
					},
					"status": "OK",
					"code": 200,
					"_postman_previewlanguage": "json",
					"header": [
						{
							"key": "Content-Type",
							"value": "application/json"
						}
					],
					"cookie": [],
					"body": "[\n  {\n    \"name\": \"doggie\",\n    \"photoUrls\": [\n      \"exercitation dolore cupidatat veniam Excepteur\",\n      \"labore occaecat commodo dolor\"\n    ],\n    \"id\": -59162155,\n    \"category\": {\n      \"id\": 54682438,\n      \"name\": \"tempor dolor occaecat sit Duis\"\n    },\n    \"tags\": [\n      {\n        \"id\": 5016495,\n        \"name\": \"eiusmod commodo culpa\"\n      },\n      {\n        \"id\": -70427758,\n        \"name\": \"tempor\"\n      }\n    ],\n    \"status\": \"available\"\n  },\n  {\n    \"name\": \"doggie\",\n    \"photoUrls\": [\n      \"magna velit reprehenderit Lorem\",\n      \"sint occaecat sed\"\n    ],\n    \"id\": 94777199,\n    \"category\": {\n      \"id\": -2166432,\n      \"name\": \"fugiat do\"\n    },\n    \"tags\": [\n      {\n        \"id\": -37308129,\n        \"name\": \"pariatur nisi\"\n      },\n      {\n        \"id\": -49608059,\n        \"name\": \"velit officia esse culpa dolor\"\n      }\n    ],\n    \"status\": \"pending\"\n  }\n]"
				},
				{
					"name": "Invalid status value",
					"originalRequest": {
						"method": "GET",
						"header": [
							{
								"description": "Added as a part of security scheme: oauth2",
								"key": "Authorization",
								"value": "<token>"
							}
						],
						"url": {
							"raw": "{{baseUrl}}/pet/findByStatus?status=available&status=available",
							"host": [
								"{{baseUrl}}"
							],
							"path": [
								"pet",
								"findByStatus"
							],
							"query": [
								{
									"key": "status",
									"value": "available"
								},
								{
									"key": "status",
									"value": "available"
								}
							]
						}
					},
					"status": "Bad Request",
					"code": 400,
					"_postman_previewlanguage": "text",
					"header": [
						{
							"key": "Content-Type",
							"value": "text/plain"
						}
					],
					"cookie": [],
					"body": ""
				}
			]
		},
		{
			"name": "Find created pet in the pending status list",
			"event": [
				{
					"listen": "test",
					"script": {
						"exec": [
							"pm.test(\"Status code is 200\", function () {\r",
							"    pm.response.to.have.status(200);\r",
							"});\r",
							"pm.test(\"NegativeTest. Check created pet in the pending status list\", function () {\r",
							"    pm.expect(pm.response.text()).not.to.include(\"198335\");\r",
							"});"
						],
						"type": "text/javascript"
					}
				}
			],
			"request": {
				"auth": {
					"type": "oauth2",
					"oauth2": [
						{
							"key": "scope",
							"value": "write:pets read:pets",
							"type": "string"
						},
						{
							"key": "authUrl",
							"value": "http://petstore.swagger.io/oauth/dialog",
							"type": "string"
						},
						{
							"key": "grant_type",
							"value": "implicit",
							"type": "string"
						}
					]
				},
				"method": "GET",
				"header": [
					{
						"key": "Accept",
						"value": "application/json"
					}
				],
				"url": {
					"raw": "{{baseUrl}}/pet/findByStatus?status=pending",
					"host": [
						"{{baseUrl}}"
					],
					"path": [
						"pet",
						"findByStatus"
					],
					"query": [
						{
							"key": "status",
							"value": "pending",
							"description": "(Required) Status values that need to be considered for filter"
						},
						{
							"key": "status",
							"value": "available",
							"description": "(Required) Status values that need to be considered for filter",
							"disabled": true
						}
					]
				},
				"description": "Multiple status values can be provided with comma separated strings"
			},
			"response": [
				{
					"name": "successful operation",
					"originalRequest": {
						"method": "GET",
						"header": [
							{
								"description": "Added as a part of security scheme: oauth2",
								"key": "Authorization",
								"value": "<token>"
							}
						],
						"url": {
							"raw": "{{baseUrl}}/pet/findByStatus?status=available&status=available",
							"host": [
								"{{baseUrl}}"
							],
							"path": [
								"pet",
								"findByStatus"
							],
							"query": [
								{
									"key": "status",
									"value": "available"
								},
								{
									"key": "status",
									"value": "available"
								}
							]
						}
					},
					"status": "OK",
					"code": 200,
					"_postman_previewlanguage": "json",
					"header": [
						{
							"key": "Content-Type",
							"value": "application/json"
						}
					],
					"cookie": [],
					"body": "[\n  {\n    \"name\": \"doggie\",\n    \"photoUrls\": [\n      \"exercitation dolore cupidatat veniam Excepteur\",\n      \"labore occaecat commodo dolor\"\n    ],\n    \"id\": -59162155,\n    \"category\": {\n      \"id\": 54682438,\n      \"name\": \"tempor dolor occaecat sit Duis\"\n    },\n    \"tags\": [\n      {\n        \"id\": 5016495,\n        \"name\": \"eiusmod commodo culpa\"\n      },\n      {\n        \"id\": -70427758,\n        \"name\": \"tempor\"\n      }\n    ],\n    \"status\": \"available\"\n  },\n  {\n    \"name\": \"doggie\",\n    \"photoUrls\": [\n      \"magna velit reprehenderit Lorem\",\n      \"sint occaecat sed\"\n    ],\n    \"id\": 94777199,\n    \"category\": {\n      \"id\": -2166432,\n      \"name\": \"fugiat do\"\n    },\n    \"tags\": [\n      {\n        \"id\": -37308129,\n        \"name\": \"pariatur nisi\"\n      },\n      {\n        \"id\": -49608059,\n        \"name\": \"velit officia esse culpa dolor\"\n      }\n    ],\n    \"status\": \"pending\"\n  }\n]"
				},
				{
					"name": "Invalid status value",
					"originalRequest": {
						"method": "GET",
						"header": [
							{
								"description": "Added as a part of security scheme: oauth2",
								"key": "Authorization",
								"value": "<token>"
							}
						],
						"url": {
							"raw": "{{baseUrl}}/pet/findByStatus?status=available&status=available",
							"host": [
								"{{baseUrl}}"
							],
							"path": [
								"pet",
								"findByStatus"
							],
							"query": [
								{
									"key": "status",
									"value": "available"
								},
								{
									"key": "status",
									"value": "available"
								}
							]
						}
					},
					"status": "Bad Request",
					"code": 400,
					"_postman_previewlanguage": "text",
					"header": [
						{
							"key": "Content-Type",
							"value": "text/plain"
						}
					],
					"cookie": [],
					"body": ""
				}
			]
		},
		{
			"name": "Find created pet in the sold status list",
			"event": [
				{
					"listen": "test",
					"script": {
						"exec": [
							"pm.test(\"Status code is 200\", function () {\r",
							"    pm.response.to.have.status(200);\r",
							"});\r",
							"pm.test(\"NegativeTest. Check created pet in the sold status list \", function () {\r",
							"    pm.expect(pm.response.text()).not.to.include(\"198335\");\r",
							"});"
						],
						"type": "text/javascript"
					}
				}
			],
			"request": {
				"auth": {
					"type": "oauth2",
					"oauth2": [
						{
							"key": "scope",
							"value": "write:pets read:pets",
							"type": "string"
						},
						{
							"key": "authUrl",
							"value": "http://petstore.swagger.io/oauth/dialog",
							"type": "string"
						},
						{
							"key": "grant_type",
							"value": "implicit",
							"type": "string"
						}
					]
				},
				"method": "GET",
				"header": [
					{
						"key": "Accept",
						"value": "application/json"
					}
				],
				"url": {
					"raw": "{{baseUrl}}/pet/findByStatus?status=sold",
					"host": [
						"{{baseUrl}}"
					],
					"path": [
						"pet",
						"findByStatus"
					],
					"query": [
						{
							"key": "status",
							"value": "sold",
							"description": "(Required) Status values that need to be considered for filter"
						},
						{
							"key": "status",
							"value": "available",
							"description": "(Required) Status values that need to be considered for filter",
							"disabled": true
						}
					]
				},
				"description": "Multiple status values can be provided with comma separated strings"
			},
			"response": [
				{
					"name": "successful operation",
					"originalRequest": {
						"method": "GET",
						"header": [
							{
								"description": "Added as a part of security scheme: oauth2",
								"key": "Authorization",
								"value": "<token>"
							}
						],
						"url": {
							"raw": "{{baseUrl}}/pet/findByStatus?status=available&status=available",
							"host": [
								"{{baseUrl}}"
							],
							"path": [
								"pet",
								"findByStatus"
							],
							"query": [
								{
									"key": "status",
									"value": "available"
								},
								{
									"key": "status",
									"value": "available"
								}
							]
						}
					},
					"status": "OK",
					"code": 200,
					"_postman_previewlanguage": "json",
					"header": [
						{
							"key": "Content-Type",
							"value": "application/json"
						}
					],
					"cookie": [],
					"body": "[\n  {\n    \"name\": \"doggie\",\n    \"photoUrls\": [\n      \"exercitation dolore cupidatat veniam Excepteur\",\n      \"labore occaecat commodo dolor\"\n    ],\n    \"id\": -59162155,\n    \"category\": {\n      \"id\": 54682438,\n      \"name\": \"tempor dolor occaecat sit Duis\"\n    },\n    \"tags\": [\n      {\n        \"id\": 5016495,\n        \"name\": \"eiusmod commodo culpa\"\n      },\n      {\n        \"id\": -70427758,\n        \"name\": \"tempor\"\n      }\n    ],\n    \"status\": \"available\"\n  },\n  {\n    \"name\": \"doggie\",\n    \"photoUrls\": [\n      \"magna velit reprehenderit Lorem\",\n      \"sint occaecat sed\"\n    ],\n    \"id\": 94777199,\n    \"category\": {\n      \"id\": -2166432,\n      \"name\": \"fugiat do\"\n    },\n    \"tags\": [\n      {\n        \"id\": -37308129,\n        \"name\": \"pariatur nisi\"\n      },\n      {\n        \"id\": -49608059,\n        \"name\": \"velit officia esse culpa dolor\"\n      }\n    ],\n    \"status\": \"pending\"\n  }\n]"
				},
				{
					"name": "Invalid status value",
					"originalRequest": {
						"method": "GET",
						"header": [
							{
								"description": "Added as a part of security scheme: oauth2",
								"key": "Authorization",
								"value": "<token>"
							}
						],
						"url": {
							"raw": "{{baseUrl}}/pet/findByStatus?status=available&status=available",
							"host": [
								"{{baseUrl}}"
							],
							"path": [
								"pet",
								"findByStatus"
							],
							"query": [
								{
									"key": "status",
									"value": "available"
								},
								{
									"key": "status",
									"value": "available"
								}
							]
						}
					},
					"status": "Bad Request",
					"code": 400,
					"_postman_previewlanguage": "text",
					"header": [
						{
							"key": "Content-Type",
							"value": "text/plain"
						}
					],
					"cookie": [],
					"body": ""
				}
			]
		},
		{
			"name": "Update an existing pet",
			"event": [
				{
					"listen": "test",
					"script": {
						"exec": [
							"pm.test(\"Status code is 200\", function () {\r",
							"    pm.response.to.have.status(200);\r",
							"});\r",
							""
						],
						"type": "text/javascript"
					}
				}
			],
			"request": {
				"auth": {
					"type": "oauth2",
					"oauth2": [
						{
							"key": "scope",
							"value": "write:pets read:pets",
							"type": "string"
						},
						{
							"key": "authUrl",
							"value": "http://petstore.swagger.io/oauth/dialog",
							"type": "string"
						},
						{
							"key": "grant_type",
							"value": "implicit",
							"type": "string"
						}
					]
				},
				"method": "PUT",
				"header": [
					{
						"key": "Content-Type",
						"value": "application/json"
					}
				],
				"body": {
					"mode": "raw",
					"raw": "{\n  \"id\": 198335,\n  \"category\": {\n    \"id\": 1260,\n    \"name\": \"Капибары\"\n  },\n  \"name\": \"Гоголь\",\n  \"photoUrls\": [\n    \"https://www.meme-arsenal.com/memes/60257b01ac3fa5bc093146b58a7749a2.jpg\"\n  ],\n  \"tags\": [\n    {\n      \"id\": 2,\n      \"name\": \"Милые\"\n    }\n  ],\n  \"status\": \"sold\"\n}",
					"options": {
						"raw": {
							"language": "json"
						}
					}
				},
				"url": {
					"raw": "{{baseUrl}}/pet",
					"host": [
						"{{baseUrl}}"
					],
					"path": [
						"pet"
					]
				}
			},
			"response": [
				{
					"name": "Invalid ID supplied",
					"originalRequest": {
						"method": "PUT",
						"header": [
							{
								"description": "Added as a part of security scheme: oauth2",
								"key": "Authorization",
								"value": "<token>"
							}
						],
						"url": {
							"raw": "{{baseUrl}}/pet",
							"host": [
								"{{baseUrl}}"
							],
							"path": [
								"pet"
							]
						}
					},
					"status": "Bad Request",
					"code": 400,
					"_postman_previewlanguage": "text",
					"header": [
						{
							"key": "Content-Type",
							"value": "text/plain"
						}
					],
					"cookie": [],
					"body": ""
				},
				{
					"name": "Pet not found",
					"originalRequest": {
						"method": "PUT",
						"header": [
							{
								"description": "Added as a part of security scheme: oauth2",
								"key": "Authorization",
								"value": "<token>"
							}
						],
						"url": {
							"raw": "{{baseUrl}}/pet",
							"host": [
								"{{baseUrl}}"
							],
							"path": [
								"pet"
							]
						}
					},
					"status": "Not Found",
					"code": 404,
					"_postman_previewlanguage": "text",
					"header": [
						{
							"key": "Content-Type",
							"value": "text/plain"
						}
					],
					"cookie": [],
					"body": ""
				},
				{
					"name": "Validation exception",
					"originalRequest": {
						"method": "PUT",
						"header": [
							{
								"description": "Added as a part of security scheme: oauth2",
								"key": "Authorization",
								"value": "<token>"
							}
						],
						"url": {
							"raw": "{{baseUrl}}/pet",
							"host": [
								"{{baseUrl}}"
							],
							"path": [
								"pet"
							]
						}
					},
					"status": "Method Not Allowed",
					"code": 405,
					"_postman_previewlanguage": "text",
					"header": [
						{
							"key": "Content-Type",
							"value": "text/plain"
						}
					],
					"cookie": [],
					"body": ""
				}
			]
		},
		{
			"name": "Check updated pet by ID",
			"event": [
				{
					"listen": "test",
					"script": {
						"exec": [
							"pm.test(\"Status code is 200\", function () {\r",
							"    pm.response.to.have.status(200);\r",
							"});\r",
							"pm.test(\"Check Pet id\", function () {\r",
							"    pm.response.to.have.jsonBody(\"id\", 198335);\r",
							"});\r",
							"pm.test(\"Check category.id\", function () {\r",
							"    pm.response.to.have.jsonBody(\"category.id\", 1260);\r",
							"});\r",
							"pm.test(\"Check updated category.name\", function () {\r",
							"    pm.response.to.have.jsonBody(\"category.name\", \"Капибары\");\r",
							"});\r",
							"pm.test(\"Check updated Pet name\", function () {\r",
							"    pm.response.to.have.jsonBody(\"name\",\"Гоголь\");\r",
							"});\r",
							"pm.test(\"Check updated Pet status\", function () {\r",
							"    pm.response.to.have.jsonBody(\"status\",\"sold\");\r",
							"});\r",
							"pm.test(\"Check updated tegs.name\", function () {\r",
							"    var jsonData = pm.response.json();\r",
							" pm.expect(jsonData.tags[0].name).to.eql(\"Милые\");\r",
							"});\r",
							"pm.test(\"NegativeTest. Check outdate category.name\", function () {\r",
							"    var jsonData = pm.response.json();\r",
							"pm.expect(jsonData.category.name).not.to.eql(\"Capybaras\");\r",
							"});\r",
							"pm.test(\"NegativeTest. Check outdated Pet name\", function () {\r",
							"    var jsonData = pm.response.json();\r",
							"pm.expect(jsonData.name).not.to.eql(\"Gogol\");\r",
							"});\r",
							"pm.test(\"NegativeTest. Check outdated Pet status\", function () {\r",
							"    var jsonData = pm.response.json();\r",
							"pm.expect(jsonData.status).not.to.eql(\"available\");\r",
							"});\r",
							"pm.test(\"NegativeTest. Check outdated tegs.name\", function () {\r",
							"    var jsonData = pm.response.json();\r",
							"pm.expect(jsonData.tags[0].name).not.to.eql(\"lovely\");\r",
							"});"
						],
						"type": "text/javascript"
					}
				}
			],
			"request": {
				"auth": {
					"type": "apikey",
					"apikey": [
						{
							"key": "key",
							"value": "api_key",
							"type": "string"
						},
						{
							"key": "value",
							"value": "{{apiKey}}",
							"type": "string"
						},
						{
							"key": "in",
							"value": "header",
							"type": "string"
						}
					]
				},
				"method": "GET",
				"header": [
					{
						"key": "Accept",
						"value": "application/json"
					}
				],
				"url": {
					"raw": "{{baseUrl}}/pet/:petId?petId=198335",
					"host": [
						"{{baseUrl}}"
					],
					"path": [
						"pet",
						":petId"
					],
					"query": [
						{
							"key": "petId",
							"value": "198335"
						}
					],
					"variable": [
						{
							"key": "petId",
							"value": "198335",
							"description": "(Required) ID of pet to return"
						}
					]
				},
				"description": "Returns a single pet"
			},
			"response": [
				{
					"name": "successful operation",
					"originalRequest": {
						"method": "GET",
						"header": [
							{
								"description": "Added as a part of security scheme: apikey",
								"key": "api_key",
								"value": "<API Key>"
							}
						],
						"url": {
							"raw": "{{baseUrl}}/pet/:petId",
							"host": [
								"{{baseUrl}}"
							],
							"path": [
								"pet",
								":petId"
							],
							"variable": [
								{
									"key": "petId",
									"value": "-36271503",
									"description": "(Required) ID of pet to return"
								}
							]
						}
					},
					"status": "OK",
					"code": 200,
					"_postman_previewlanguage": "json",
					"header": [
						{
							"key": "Content-Type",
							"value": "application/json"
						}
					],
					"cookie": [],
					"body": "{\n  \"name\": \"doggie\",\n  \"photoUrls\": [\n    \"dolore labore culpa anim\",\n    \"consequat laboris enim ut\"\n  ],\n  \"id\": -29979598,\n  \"category\": {\n    \"id\": 56952471,\n    \"name\": \"ut in dolor adipisicing elit\"\n  },\n  \"tags\": [\n    {\n      \"id\": 60789354,\n      \"name\": \"ut qui nulla eiusmod\"\n    },\n    {\n      \"id\": 95875680,\n      \"name\": \"nostrud sint consequat sunt\"\n    }\n  ],\n  \"status\": \"sold\"\n}"
				},
				{
					"name": "Invalid ID supplied",
					"originalRequest": {
						"method": "GET",
						"header": [
							{
								"description": "Added as a part of security scheme: apikey",
								"key": "api_key",
								"value": "<API Key>"
							}
						],
						"url": {
							"raw": "{{baseUrl}}/pet/:petId",
							"host": [
								"{{baseUrl}}"
							],
							"path": [
								"pet",
								":petId"
							],
							"variable": [
								{
									"key": "petId",
									"value": "-36271503",
									"description": "(Required) ID of pet to return"
								}
							]
						}
					},
					"status": "Bad Request",
					"code": 400,
					"_postman_previewlanguage": "text",
					"header": [
						{
							"key": "Content-Type",
							"value": "text/plain"
						}
					],
					"cookie": [],
					"body": ""
				},
				{
					"name": "Pet not found",
					"originalRequest": {
						"method": "GET",
						"header": [
							{
								"description": "Added as a part of security scheme: apikey",
								"key": "api_key",
								"value": "<API Key>"
							}
						],
						"url": {
							"raw": "{{baseUrl}}/pet/:petId",
							"host": [
								"{{baseUrl}}"
							],
							"path": [
								"pet",
								":petId"
							],
							"variable": [
								{
									"key": "petId",
									"value": "-36271503",
									"description": "(Required) ID of pet to return"
								}
							]
						}
					},
					"status": "Not Found",
					"code": 404,
					"_postman_previewlanguage": "text",
					"header": [
						{
							"key": "Content-Type",
							"value": "text/plain"
						}
					],
					"cookie": [],
					"body": ""
				}
			]
		},
		{
			"name": "Find updated pet in the sold status list",
			"event": [
				{
					"listen": "test",
					"script": {
						"exec": [
							"pm.test(\"Status code is 200\", function () {\r",
							"    pm.response.to.have.status(200);\r",
							"});\r",
							"pm.test(\"Confirm updated pet in the sold status list \", function () {\r",
							"    pm.expect(pm.response.text()).to.include(\"198335\");\r",
							"});"
						],
						"type": "text/javascript"
					}
				}
			],
			"request": {
				"auth": {
					"type": "oauth2",
					"oauth2": [
						{
							"key": "scope",
							"value": "write:pets read:pets",
							"type": "string"
						},
						{
							"key": "authUrl",
							"value": "http://petstore.swagger.io/oauth/dialog",
							"type": "string"
						},
						{
							"key": "grant_type",
							"value": "implicit",
							"type": "string"
						}
					]
				},
				"method": "GET",
				"header": [
					{
						"key": "Accept",
						"value": "application/json"
					}
				],
				"url": {
					"raw": "{{baseUrl}}/pet/findByStatus?status=sold",
					"host": [
						"{{baseUrl}}"
					],
					"path": [
						"pet",
						"findByStatus"
					],
					"query": [
						{
							"key": "status",
							"value": "sold",
							"description": "(Required) Status values that need to be considered for filter"
						},
						{
							"key": "status",
							"value": "available",
							"description": "(Required) Status values that need to be considered for filter",
							"disabled": true
						}
					]
				},
				"description": "Multiple status values can be provided with comma separated strings"
			},
			"response": [
				{
					"name": "successful operation",
					"originalRequest": {
						"method": "GET",
						"header": [
							{
								"description": "Added as a part of security scheme: oauth2",
								"key": "Authorization",
								"value": "<token>"
							}
						],
						"url": {
							"raw": "{{baseUrl}}/pet/findByStatus?status=available&status=available",
							"host": [
								"{{baseUrl}}"
							],
							"path": [
								"pet",
								"findByStatus"
							],
							"query": [
								{
									"key": "status",
									"value": "available"
								},
								{
									"key": "status",
									"value": "available"
								}
							]
						}
					},
					"status": "OK",
					"code": 200,
					"_postman_previewlanguage": "json",
					"header": [
						{
							"key": "Content-Type",
							"value": "application/json"
						}
					],
					"cookie": [],
					"body": "[\n  {\n    \"name\": \"doggie\",\n    \"photoUrls\": [\n      \"exercitation dolore cupidatat veniam Excepteur\",\n      \"labore occaecat commodo dolor\"\n    ],\n    \"id\": -59162155,\n    \"category\": {\n      \"id\": 54682438,\n      \"name\": \"tempor dolor occaecat sit Duis\"\n    },\n    \"tags\": [\n      {\n        \"id\": 5016495,\n        \"name\": \"eiusmod commodo culpa\"\n      },\n      {\n        \"id\": -70427758,\n        \"name\": \"tempor\"\n      }\n    ],\n    \"status\": \"available\"\n  },\n  {\n    \"name\": \"doggie\",\n    \"photoUrls\": [\n      \"magna velit reprehenderit Lorem\",\n      \"sint occaecat sed\"\n    ],\n    \"id\": 94777199,\n    \"category\": {\n      \"id\": -2166432,\n      \"name\": \"fugiat do\"\n    },\n    \"tags\": [\n      {\n        \"id\": -37308129,\n        \"name\": \"pariatur nisi\"\n      },\n      {\n        \"id\": -49608059,\n        \"name\": \"velit officia esse culpa dolor\"\n      }\n    ],\n    \"status\": \"pending\"\n  }\n]"
				},
				{
					"name": "Invalid status value",
					"originalRequest": {
						"method": "GET",
						"header": [
							{
								"description": "Added as a part of security scheme: oauth2",
								"key": "Authorization",
								"value": "<token>"
							}
						],
						"url": {
							"raw": "{{baseUrl}}/pet/findByStatus?status=available&status=available",
							"host": [
								"{{baseUrl}}"
							],
							"path": [
								"pet",
								"findByStatus"
							],
							"query": [
								{
									"key": "status",
									"value": "available"
								},
								{
									"key": "status",
									"value": "available"
								}
							]
						}
					},
					"status": "Bad Request",
					"code": 400,
					"_postman_previewlanguage": "text",
					"header": [
						{
							"key": "Content-Type",
							"value": "text/plain"
						}
					],
					"cookie": [],
					"body": ""
				}
			]
		},
		{
			"name": "Find updated pet in the available status list",
			"event": [
				{
					"listen": "test",
					"script": {
						"exec": [
							"pm.test(\"Status code is 200\", function () {\r",
							"    pm.response.to.have.status(200);\r",
							"});\r",
							"pm.test(\"Negative Test. Check updated pet in the available status list\", function () {\r",
							"    pm.expect(pm.response.text()).not.to.include(\"198335\");\r",
							"});"
						],
						"type": "text/javascript"
					}
				}
			],
			"request": {
				"auth": {
					"type": "oauth2",
					"oauth2": [
						{
							"key": "scope",
							"value": "write:pets read:pets",
							"type": "string"
						},
						{
							"key": "authUrl",
							"value": "http://petstore.swagger.io/oauth/dialog",
							"type": "string"
						},
						{
							"key": "grant_type",
							"value": "implicit",
							"type": "string"
						}
					]
				},
				"method": "GET",
				"header": [
					{
						"key": "Accept",
						"value": "application/json"
					}
				],
				"url": {
					"raw": "{{baseUrl}}/pet/findByStatus?status=available",
					"host": [
						"{{baseUrl}}"
					],
					"path": [
						"pet",
						"findByStatus"
					],
					"query": [
						{
							"key": "status",
							"value": "available",
							"description": "(Required) Status values that need to be considered for filter"
						},
						{
							"key": "status",
							"value": "available",
							"description": "(Required) Status values that need to be considered for filter",
							"disabled": true
						}
					]
				},
				"description": "Multiple status values can be provided with comma separated strings"
			},
			"response": [
				{
					"name": "successful operation",
					"originalRequest": {
						"method": "GET",
						"header": [
							{
								"description": "Added as a part of security scheme: oauth2",
								"key": "Authorization",
								"value": "<token>"
							}
						],
						"url": {
							"raw": "{{baseUrl}}/pet/findByStatus?status=available&status=available",
							"host": [
								"{{baseUrl}}"
							],
							"path": [
								"pet",
								"findByStatus"
							],
							"query": [
								{
									"key": "status",
									"value": "available"
								},
								{
									"key": "status",
									"value": "available"
								}
							]
						}
					},
					"status": "OK",
					"code": 200,
					"_postman_previewlanguage": "json",
					"header": [
						{
							"key": "Content-Type",
							"value": "application/json"
						}
					],
					"cookie": [],
					"body": "[\n  {\n    \"name\": \"doggie\",\n    \"photoUrls\": [\n      \"exercitation dolore cupidatat veniam Excepteur\",\n      \"labore occaecat commodo dolor\"\n    ],\n    \"id\": -59162155,\n    \"category\": {\n      \"id\": 54682438,\n      \"name\": \"tempor dolor occaecat sit Duis\"\n    },\n    \"tags\": [\n      {\n        \"id\": 5016495,\n        \"name\": \"eiusmod commodo culpa\"\n      },\n      {\n        \"id\": -70427758,\n        \"name\": \"tempor\"\n      }\n    ],\n    \"status\": \"available\"\n  },\n  {\n    \"name\": \"doggie\",\n    \"photoUrls\": [\n      \"magna velit reprehenderit Lorem\",\n      \"sint occaecat sed\"\n    ],\n    \"id\": 94777199,\n    \"category\": {\n      \"id\": -2166432,\n      \"name\": \"fugiat do\"\n    },\n    \"tags\": [\n      {\n        \"id\": -37308129,\n        \"name\": \"pariatur nisi\"\n      },\n      {\n        \"id\": -49608059,\n        \"name\": \"velit officia esse culpa dolor\"\n      }\n    ],\n    \"status\": \"pending\"\n  }\n]"
				},
				{
					"name": "Invalid status value",
					"originalRequest": {
						"method": "GET",
						"header": [
							{
								"description": "Added as a part of security scheme: oauth2",
								"key": "Authorization",
								"value": "<token>"
							}
						],
						"url": {
							"raw": "{{baseUrl}}/pet/findByStatus?status=available&status=available",
							"host": [
								"{{baseUrl}}"
							],
							"path": [
								"pet",
								"findByStatus"
							],
							"query": [
								{
									"key": "status",
									"value": "available"
								},
								{
									"key": "status",
									"value": "available"
								}
							]
						}
					},
					"status": "Bad Request",
					"code": 400,
					"_postman_previewlanguage": "text",
					"header": [
						{
							"key": "Content-Type",
							"value": "text/plain"
						}
					],
					"cookie": [],
					"body": ""
				}
			]
		},
		{
			"name": "Deletes a pet",
			"event": [
				{
					"listen": "test",
					"script": {
						"exec": [
							"pm.test(\"Status code is 200\", function () {\r",
							"    pm.response.to.have.status(200);\r",
							"});"
						],
						"type": "text/javascript"
					}
				}
			],
			"request": {
				"auth": {
					"type": "oauth2",
					"oauth2": [
						{
							"key": "scope",
							"value": "write:pets read:pets",
							"type": "string"
						},
						{
							"key": "authUrl",
							"value": "http://petstore.swagger.io/oauth/dialog",
							"type": "string"
						},
						{
							"key": "grant_type",
							"value": "implicit",
							"type": "string"
						}
					]
				},
				"method": "DELETE",
				"header": [
					{
						"key": "api_key",
						"value": "ex est reprehenderit cillum et"
					}
				],
				"url": {
					"raw": "{{baseUrl}}/pet/:petId",
					"host": [
						"{{baseUrl}}"
					],
					"path": [
						"pet",
						":petId"
					],
					"variable": [
						{
							"key": "petId",
							"value": "198335",
							"description": "(Required) Pet id to delete"
						}
					]
				}
			},
			"response": [
				{
					"name": "Invalid ID supplied",
					"originalRequest": {
						"method": "DELETE",
						"header": [
							{
								"description": "Added as a part of security scheme: oauth2",
								"key": "Authorization",
								"value": "<token>"
							},
							{
								"key": "api_key",
								"value": "ex est reprehenderit cillum et"
							}
						],
						"url": {
							"raw": "{{baseUrl}}/pet/:petId",
							"host": [
								"{{baseUrl}}"
							],
							"path": [
								"pet",
								":petId"
							],
							"variable": [
								{
									"key": "petId",
									"value": "-36271503",
									"description": "(Required) Pet id to delete"
								}
							]
						}
					},
					"status": "Bad Request",
					"code": 400,
					"_postman_previewlanguage": "text",
					"header": [
						{
							"key": "Content-Type",
							"value": "text/plain"
						}
					],
					"cookie": [],
					"body": ""
				},
				{
					"name": "Pet not found",
					"originalRequest": {
						"method": "DELETE",
						"header": [
							{
								"description": "Added as a part of security scheme: oauth2",
								"key": "Authorization",
								"value": "<token>"
							},
							{
								"key": "api_key",
								"value": "ex est reprehenderit cillum et"
							}
						],
						"url": {
							"raw": "{{baseUrl}}/pet/:petId",
							"host": [
								"{{baseUrl}}"
							],
							"path": [
								"pet",
								":petId"
							],
							"variable": [
								{
									"key": "petId",
									"value": "-36271503",
									"description": "(Required) Pet id to delete"
								}
							]
						}
					},
					"status": "Not Found",
					"code": 404,
					"_postman_previewlanguage": "text",
					"header": [
						{
							"key": "Content-Type",
							"value": "text/plain"
						}
					],
					"cookie": [],
					"body": ""
				}
			]
		},
		{
			"name": "Confirm deleted pet by ID",
			"event": [
				{
					"listen": "test",
					"script": {
						"exec": [
							"pm.test(\"Status code is 404\", function () {\r",
							"    pm.response.to.have.status(404);\r",
							"});\r",
							"pm.test(\"Check message: Pet not found\", function () {\r",
							"    pm.response.to.have.jsonBody(\"message\", \"Pet not found\");\r",
							"});"
						],
						"type": "text/javascript"
					}
				}
			],
			"request": {
				"auth": {
					"type": "apikey",
					"apikey": [
						{
							"key": "key",
							"value": "api_key",
							"type": "string"
						},
						{
							"key": "value",
							"value": "{{apiKey}}",
							"type": "string"
						},
						{
							"key": "in",
							"value": "header",
							"type": "string"
						}
					]
				},
				"method": "GET",
				"header": [
					{
						"key": "Accept",
						"value": "application/json"
					}
				],
				"url": {
					"raw": "{{baseUrl}}/pet/:petId?petId=198335",
					"host": [
						"{{baseUrl}}"
					],
					"path": [
						"pet",
						":petId"
					],
					"query": [
						{
							"key": "petId",
							"value": "198335"
						}
					],
					"variable": [
						{
							"key": "petId",
							"value": "198335",
							"description": "(Required) ID of pet to return"
						}
					]
				},
				"description": "Returns a single pet"
			},
			"response": [
				{
					"name": "successful operation",
					"originalRequest": {
						"method": "GET",
						"header": [
							{
								"description": "Added as a part of security scheme: apikey",
								"key": "api_key",
								"value": "<API Key>"
							}
						],
						"url": {
							"raw": "{{baseUrl}}/pet/:petId",
							"host": [
								"{{baseUrl}}"
							],
							"path": [
								"pet",
								":petId"
							],
							"variable": [
								{
									"key": "petId",
									"value": "-36271503",
									"description": "(Required) ID of pet to return"
								}
							]
						}
					},
					"status": "OK",
					"code": 200,
					"_postman_previewlanguage": "json",
					"header": [
						{
							"key": "Content-Type",
							"value": "application/json"
						}
					],
					"cookie": [],
					"body": "{\n  \"name\": \"doggie\",\n  \"photoUrls\": [\n    \"dolore labore culpa anim\",\n    \"consequat laboris enim ut\"\n  ],\n  \"id\": -29979598,\n  \"category\": {\n    \"id\": 56952471,\n    \"name\": \"ut in dolor adipisicing elit\"\n  },\n  \"tags\": [\n    {\n      \"id\": 60789354,\n      \"name\": \"ut qui nulla eiusmod\"\n    },\n    {\n      \"id\": 95875680,\n      \"name\": \"nostrud sint consequat sunt\"\n    }\n  ],\n  \"status\": \"sold\"\n}"
				},
				{
					"name": "Invalid ID supplied",
					"originalRequest": {
						"method": "GET",
						"header": [
							{
								"description": "Added as a part of security scheme: apikey",
								"key": "api_key",
								"value": "<API Key>"
							}
						],
						"url": {
							"raw": "{{baseUrl}}/pet/:petId",
							"host": [
								"{{baseUrl}}"
							],
							"path": [
								"pet",
								":petId"
							],
							"variable": [
								{
									"key": "petId",
									"value": "-36271503",
									"description": "(Required) ID of pet to return"
								}
							]
						}
					},
					"status": "Bad Request",
					"code": 400,
					"_postman_previewlanguage": "text",
					"header": [
						{
							"key": "Content-Type",
							"value": "text/plain"
						}
					],
					"cookie": [],
					"body": ""
				},
				{
					"name": "Pet not found",
					"originalRequest": {
						"method": "GET",
						"header": [
							{
								"description": "Added as a part of security scheme: apikey",
								"key": "api_key",
								"value": "<API Key>"
							}
						],
						"url": {
							"raw": "{{baseUrl}}/pet/:petId",
							"host": [
								"{{baseUrl}}"
							],
							"path": [
								"pet",
								":petId"
							],
							"variable": [
								{
									"key": "petId",
									"value": "-36271503",
									"description": "(Required) ID of pet to return"
								}
							]
						}
					},
					"status": "Not Found",
					"code": 404,
					"_postman_previewlanguage": "text",
					"header": [
						{
							"key": "Content-Type",
							"value": "text/plain"
						}
					],
					"cookie": [],
					"body": ""
				}
			]
		}
	],
	"event": [
		{
			"listen": "prerequest",
			"script": {
				"type": "text/javascript",
				"exec": [
					""
				]
			}
		},
		{
			"listen": "test",
			"script": {
				"type": "text/javascript",
				"exec": [
					""
				]
			}
		}
	],
	"variable": [
		{
			"key": "baseUrl",
			"value": "https://petstore.swagger.io/v2",
			"type": "string"
		}
	]
}